Folder,Title,Description,Link,Length,Lecture No.,No. Clicker questions,Book,Homework Assignment,Review Material,Book Length
/Syllabus Week/,Introduction to PHY132,"General information about the course, such as the setup of recitations, exams, Webassign, and more",https://apps.tlt.stonybrook.edu/vq/users/evannieuwenh/68/,18:21:00,1,0,1,1,,
/Electricity/Electric Forces/,Intro to Electric Forces,"Introduces forces that come from two point charges, and explains the relevant electric force formula along with the vector notation",https://apps.tlt.stonybrook.edu/vq/users/evannieuwenh/69/,15:23:00,1,0,1,1,,
/Electricity/Electric Forces/,Free-Body Analysis of Point Charges,Prof. Hemmick goes into detail of a free-body force diagram which explains the forces between point charges.,https://apps.tlt.stonybrook.edu/vq/users/evannieuwenh/70/,17:44:00,1,0,1,1,,
/Electricity/Electric Forces/,Continued Force Analysis of Point Charges,"Here, we continue last lecture's force analysis of point charges, ﬁnding F_total for x and y directions, and use it to ﬁnd the magnitude and direction of the electric force.",https://apps.tlt.stonybrook.edu/vq/users/evannieuwenh/71/,6:31:00,2,0,1,1,,
/Electricity/Electric Forces/,Finding Symmetry in Electric Forces,"Prof. Hemmick does another electric force problem, but this time uses symmetry of the system to simplify it dramatically.",https://apps.tlt.stonybrook.edu/vq/users/evannieuwenh/72/,9:12:00,2,0,1,1,,67:11:00
/Electricity/Electric Forces/,Force From Electric Field,"We introduce the concept of electric ﬁeld using a force equation and revisit the simple symmetric point charge problem, but this time using electric ﬁeld.",https://apps.tlt.stonybrook.edu/vq/users/evannieuwenh/73/,12:52:00,2,1,2,2,,
/Electricity/Electric Forces/,Overview-Point Charge and Electric Force and Field,Prof. Hemmick does a brief overview of what we've learned so far in Electricity.,https://apps.tlt.stonybrook.edu/vq/users/evannieuwenh/74/,3:14:00,2,0,2,2,,
/Electricity/Electric Calculus,Breaking up Electric Field,,https://apps.tlt.stonybrook.edu/vq/users/evannieuwenh/75/,17:51:00,3,1,2,2,,
/Electricity/Electric Calculus,Using 3D Calculus in Intro Physics,,https://apps.tlt.stonybrook.edu/vq/users/evannieuwenh/76/,7:54:00,3,0,2,2,,
/Electricity/Electric Calculus,Explaining dQ,,https://apps.tlt.stonybrook.edu/vq/users/evannieuwenh/77/,3:45:00,3,0,2,2,,
/Electricity/Electric Calculus,New Coordinate Systems,,https://apps.tlt.stonybrook.edu/vq/users/evannieuwenh/78/,14:13:00,3,0,2,2,,
/Opening Videos,Veritasium - 4 Revolutionary Riddles Resolved!,,https://apps.tlt.stonybrook.edu/vq/users/evannieuwenh/79/,1:47:00,4,0,2,2,,
/Electricity/Electric Calculus,Integrating Electric Field,,https://apps.tlt.stonybrook.edu/vq/users/evannieuwenh/80/,7:38:00,4,0,2,2,,
/Electricity/Electric Calculus,More dQ - Spherical Coordinates,,https://apps.tlt.stonybrook.edu/vq/users/evannieuwenh/81/,16:05:00,4,1,2,2,,
/Electricity/Electric Calculus,Using Coordinates to Integrate in 3D,,https://apps.tlt.stonybrook.edu/vq/users/evannieuwenh/82/,11:00:00,4,0,2,2,,
/Electricity/Electric Calculus,Integrating Electric Field - Hollow Disk,,https://apps.tlt.stonybrook.edu/vq/users/evannieuwenh/83/,14:35:00,4,1,2,2,,
/Opening Videos,Physics Girl - Physics of Skateboarding,,https://apps.tlt.stonybrook.edu/vq/users/evannieuwenh/84/,1:18:00,5,0,2,2,,
/Electricity/Electric Calculus,Possible Electric Field Integrals,,https://apps.tlt.stonybrook.edu/vq/users/evannieuwenh/85/,2:53:00,5,0,2,2,,
/Electricity/Electric Calculus,Hollow Disk (part a),,https://apps.tlt.stonybrook.edu/vq/users/evannieuwenh/86/,6:37:00,5,0,2,2,,
/Electricity/Electric Calculus,Hollow Disk (part b),,https://apps.tlt.stonybrook.edu/vq/users/evannieuwenh/87/,6:44:00,5,0,2,2,,
/Electricity/Electric Calculus,Hollow Disk (part c),,https://apps.tlt.stonybrook.edu/vq/users/evannieuwenh/88/,15:32:00,5,2,2,2,,
/Electricity/Electric Calculus,Hollow Disk (part d),,https://apps.tlt.stonybrook.edu/vq/users/evannieuwenh/89/,12:53:00,5,0,2,2,,
/Electricity/Electric Calculus,Ring of Charge (part a),,https://apps.tlt.stonybrook.edu/vq/evannieuwenh/90/,4:33:00,5,0,2,2,,
/Opening Videos,Smarter Every Day - The Walking Water Mystery,,https://apps.tlt.stonybrook.edu/vq/users/evannieuwenh/91/,1:47:00,6,0,2,2,,
/Electricity/Electric Calculus,Ring of Charge (part b),,https://apps.tlt.stonybrook.edu/vq/users/evannieuwenh/92/,8:32:00,6,2,2,2,,
/Electricity/Electric Calculus,Ring of Charge (part c),,https://apps.tlt.stonybrook.edu/vq/users/evannieuwenh/93/,4:47:00,6,0,2,2,,
/Electricity/Electric Calculus,Ring of Charge (part d),,https://apps.tlt.stonybrook.edu/vq/users/evannieuwenh/94/,6:56:00,6,0,2,2,,
/Electricity/Electric Calculus,Ring of Charge (part e),,https://apps.tlt.stonybrook.edu/vq/users/evannieuwenh/95/,4:14:00,6,0,2,2,,
/Electricity/Electric Calculus,Summary - Finite Line of Charge,,https://apps.tlt.stonybrook.edu/vq/users/evannieuwenh/96/,3:01:00,6,0,2,2,,
/Electricity/Electric Calculus,Summary - Full Ring of Charge,,https://apps.tlt.stonybrook.edu/vq/users/evannieuwenh/97/,0:55:00,6,0,2,2,,
/Electricity/Electric Calculus,Summary - Partial Ring of Charge,,https://apps.tlt.stonybrook.edu/vq/users/evannieuwenh/98/,8:46:00,6,0,2,2,,
/Electricity/Electric Calculus,Summary - Hollow Disk of Charge,,https://apps.tlt.stonybrook.edu/vq/users/evannieuwenh/99/,1:35:00,6,0,2,2,,
/Electricity/Electric Calculus,Summary - Partial Spherical Shell of Charge,,https://apps.tlt.stonybrook.edu/vq/users/evannieuwenh/100/,6:45:00,6,0,2,2,,
/Electricity/Gauss's Law,Sneak Peek - Gauss's Law,,https://apps.tlt.stonybrook.edu/vq/users/evannieuwenh/101/,1:50:00,6,0,2,2,,210:32:00
/Opening Videos,Unlock Your Car with Water - The Spangler Effect,,https://apps.tlt.stonybrook.edu/vq/users/evannieuwenh/102/,1:32:00,7,0,3,3,,
/Electricity/Gauss's Law,Continuity Equations,,https://apps.tlt.stonybrook.edu/vq/users/evannieuwenh/103/,4:32:00,7,0,3,3,,
/Electricity/Gauss's Law,Electric Field Lines and Flux,,https://apps.tlt.stonybrook.edu/vq/users/evannieuwenh/104/,7:08:00,7,0,3,3,,
/Electricity/Gauss's Law,What is Gauss Law?,,https://apps.tlt.stonybrook.edu/vq/users/evannieuwenh/105/,8:06:00,7,2,3,3,,
/Electricity/Gauss's Law,Counting Field Lines,,https://apps.tlt.stonybrook.edu/vq/users/evannieuwenh/106/,9:32:00,7,1,3,3,,
/Electricity/Gauss's Law,More About Flux,,https://apps.tlt.stonybrook.edu/vq/users/evannieuwenh/107/,10:21:00,7,0,3,3,,
/Electricity/Gauss's Law,Breaking Down the Gauss Law Integral,,https://apps.tlt.stonybrook.edu/vq/users/evannieuwenh/108/,8:09:00,7,0,3,3,,
/Opening Videos,Amazing Slime Experiment - Physics Girl (Lect. 8),,https://apps.tlt.stonybrook.edu/vq/users/evannieuwenh/109/,0:52:00,8,0,3,3,,
/Electricity/Gauss's Law,Outsmarting Gauss's Law - Dot Product,,https://apps.tlt.stonybrook.edu/vq/users/evannieuwenh/110/,10:34:00,8,1,3,3,,
/Electricity/Gauss's Law,Outsmarting Gauss's Law - E dA,,https://apps.tlt.stonybrook.edu/vq/users/evannieuwenh/111/,5:47:00,8,1,3,3,,
/Electricity/Gauss's Law,Outsmarting Gauss's Law - Integral's Circle,,https://apps.tlt.stonybrook.edu/vq/users/evannieuwenh/112/,7:48:00,8,2,3,3,,
/Electricity/Gauss's Law,Gauss's Law Example Problem (part a),,https://apps.tlt.stonybrook.edu/vq/users/evannieuwenh/113/,9:18:00,8,0,3,3,,
/Electricity/Gauss's Law,Gauss's Law Example Problem (part b),,https://apps.tlt.stonybrook.edu/vq/users/evannieuwenh/114/,6:40:00,8,1,3,3,,
/Electricity/Gauss's Law,Gauss's Law Example Problem (part c),,https://apps.tlt.stonybrook.edu/vq/users/evannieuwenh/115/,6:25:00,8,0,3,3,,
/Opening Videos,Thirsty Pilot Pours a Beverage Over Poland,,https://apps.tlt.stonybrook.edu/vq/users/evannieuwenh/116/,2:30:00,9,0,3,3,,
/Electricity/Gauss's Law,Technique for Gauss's Law,,https://apps.tlt.stonybrook.edu/vq/users/evannieuwenh/117/,3:20:00,9,0,3,3,,
/Electricity/Gauss's Law,Infinite Charged Rod (part a),,https://apps.tlt.stonybrook.edu/vq/users/evannieuwenh/118/,8:35:00,9,0,3,3,,
/Electricity/Gauss's Law,Infinite Charged Rod (part b),,https://apps.tlt.stonybrook.edu/vq/users/evannieuwenh/119/,11:51:00,9,2,3,3,,
/Electricity/Gauss's Law,Infinite Charged Rod (part c),,https://apps.tlt.stonybrook.edu/vq/users/evannieuwenh/120/,3:31:00,9,1,3,3,,
/Electricity/Gauss's Law,Infinite Charged Rod (part d),,https://apps.tlt.stonybrook.edu/vq/users/evannieuwenh/121/,1:48:00,9,0,3,3,,
/Electricity/Gauss's Law,Conductors in an Electric Field,,https://apps.tlt.stonybrook.edu/vq/users/evannieuwenh/122/,5:22:00,9,1,3,3,,
/Electricity/Gauss's Law,Shell of Conductors Problem,,https://apps.tlt.stonybrook.edu/vq/users/evannieuwenh/123/,11:08:00,9,0,3,3,,144:49:00
/Midterm 1,NON-GRAPHING CALCULATOR,,https://apps.tlt.stonybrook.edu/vq/users/evannieuwenh/393/,2:15:00,10,0,4,,M1,
/Midterm 1,Exam Logistics,,https://apps.tlt.stonybrook.edu/vq/users/evannieuwenh/394/,4:23:00,10,0,4,,mM1,
/Midterm 1,Exam Grading Techniques,,https://apps.tlt.stonybrook.edu/vq/users/evannieuwenh/124/,2:15:00,10,0,4,,M1,
/Midterm 1,For Online Students,,https://apps.tlt.stonybrook.edu/vq/users/evannieuwenh/125/,6:01:00,10,0,4,,M1,
/Electricity/Electric Potential,Electricity - What We've Learned,,https://apps.tlt.stonybrook.edu/vq/users/evannieuwenh/126/,4:22:00,10,0,5,4,,
/Electricity/Electric Potential,Change in PE for Electric Force,,https://apps.tlt.stonybrook.edu/vq/users/evannieuwenh/127/,8:12:00,10,0,5,4,,
/Electricity/Electric Potential,Examining Potential Energy,,https://apps.tlt.stonybrook.edu/vq/users/evannieuwenh/128/,4:53:00,10,1,5,4,,
/Electricity/Electric Potential,PE of a Collection of Charges,,https://apps.tlt.stonybrook.edu/vq/users/evannieuwenh/129/,8:17:00,10,1,5,4,,
/Midterm 1,More for Online Students,,https://apps.tlt.stonybrook.edu/vq/users/evannieuwenh/131/,3:13:00,11,0,4,,M1,
/Electricity/Electric Potential,Electric Potential - PE Review,,https://apps.tlt.stonybrook.edu/vq/users/evannieuwenh/132/,8:36:00,11,1,5,4,,
/Electricity/Electric Potential,Rutherford Experiment (part a),,https://apps.tlt.stonybrook.edu/vq/users/evannieuwenh/133/,9:24:00,11,0,5,4,,
/Electricity/Electric Potential,Rutherford Experiment (part b),,https://apps.tlt.stonybrook.edu/vq/users/evannieuwenh/134/,6:58:00,11,0,5,4,,
/Electricity/Electric Potential,PE and Force vs E Field and Potential,,https://apps.tlt.stonybrook.edu/vq/users/evannieuwenh/135/,9:56:00,11,0,5,4,,
/Electricity/Electric Potential,Brief Methodology for Solving Potential,,https://apps.tlt.stonybrook.edu/vq/users/evannieuwenh/136/,2:53:00,11,0,5,4,,
/Opening Videos,Dominoes - Hardcore Mode - Smarter Every Day,,https://apps.tlt.stonybrook.edu/vq/evannieuwenh/137/,0:46:00,12,0,5,4,,
/Electricity/Electric Potential,Partial Derivatives for Electric Field,,https://apps.tlt.stonybrook.edu/vq/users/evannieuwenh/138/,9:27:00,12,0,5,4,,
/Electricity/Electric Potential,Partial Derivatives in Higher Level Coordinate Systems,,https://apps.tlt.stonybrook.edu/vq/users/evannieuwenh/139/,4:07:00,12,1,5,4,,
/Electricity/Electric Potential,The Del Operator,,https://apps.tlt.stonybrook.edu/vq/users/evannieuwenh/140/,13:07:00,12,0,5,4,,
/Electricity/Capacitors,Neutral Conductor and a Point Charge,,https://apps.tlt.stonybrook.edu/vq/users/evannieuwenh/141/,5:36:00,12,1,5,4,,
/Electricity/Capacitors,Intro to Capacitors,,https://apps.tlt.stonybrook.edu/vq/users/evannieuwenh/142/,9:13:00,12,0,5,4,,
/Opening Videos,Backyard Science - Insane Party Tricks,,https://apps.tlt.stonybrook.edu/vq/users/evannieuwenh/143/,0:36:00,13,0,4,,M1,
/Midterm 1/Review,Gauss Law Review - Conductor-Insulator (part a),,https://apps.tlt.stonybrook.edu/vq/users/evannieuwenh/144/,3:44:00,13,0,4,,M1,
/Midterm 1/Review,Gauss Law Review - Conductor-Insulator (part b),,https://apps.tlt.stonybrook.edu/vq/users/evannieuwenh/145/,2:56:00,13,0,4,,M1,
/Midterm 1/Review,Gauss Law Review - Conductor-Insulator (part c),,https://apps.tlt.stonybrook.edu/vq/users/evannieuwenh/146/,10:29:00,13,0,4,,M1,
/Midterm 1/Review,Gauss Law Review - Conductor-Insulator (part d),,https://apps.tlt.stonybrook.edu/vq/users/evannieuwenh/147/,11:04:00,13,0,4,,M1,
/Midterm 1/Review,Integrals Review - Partial Spherical Shell,,https://apps.tlt.stonybrook.edu/vq/users/evannieuwenh/148/,7:41:00,13,0,4,,M1,47:59:00
/Electricity/Capacitors,Capacitors and Conductors - What We've Covered,,https://apps.tlt.stonybrook.edu/vq/users/evannieuwenh/149/,9:31:00,14,2,5,4,,
/Electricity/Capacitors,Review - Gauss Law for Capacitors,,https://apps.tlt.stonybrook.edu/vq/users/evannieuwenh/150/,4:30:00,14,0,5,4,,
/Electricity/Capacitors,Voltage Slang,,https://apps.tlt.stonybrook.edu/vq/users/evannieuwenh/151/,6:54:00,14,0,5,4,,
/Electricity/Capacitors,Deriving Capacitance (Again),,https://apps.tlt.stonybrook.edu/vq/users/evannieuwenh/152/,2:37:00,14,0,5,4,,
/Electricity/Capacitors,What is Epsilon Naught?,,https://apps.tlt.stonybrook.edu/vq/users/evannieuwenh/153/,8:54:00,14,1,5,4,,
/Electricity/Capacitors,The Dielectric Constant,,https://apps.tlt.stonybrook.edu/vq/users/evannieuwenh/154/,7:54:00,14,0,5,4,,
/Electricity/Capacitors,Capacitors in Series and Parallel,,https://apps.tlt.stonybrook.edu/vq/users/evannieuwenh/155/,6:16:00,14,0,5,4,,
/Electricity/Capacitors,Parallel Capacitors - Charge and Voltage,,https://apps.tlt.stonybrook.edu/vq/users/evannieuwenh/156/,3:01:00,14,0,5,4,,
/Electricity/Capacitors,Voltage with Capacitance and Resistance,,https://apps.tlt.stonybrook.edu/vq/users/evannieuwenh/157/,8:32:00,15,0,5,4,,
/Electricity/Capacitors,Capacitor or Resistor Network,,https://apps.tlt.stonybrook.edu/vq/users/evannieuwenh/158/,4:03:00,15,2,5,4,,
/Electricity/Capacitors,"Charge, Current, & Voltage Through Series or Parallel",,https://apps.tlt.stonybrook.edu/vq/users/evannieuwenh/159/,7:35:00,15,0,5,4,,
/Electricity/Capacitors,Deriving Total Capacitance & Resistance,,https://apps.tlt.stonybrook.edu/vq/users/evannieuwenh/160/,4:46:00,15,0,5,4,,
/Electricity/Capacitors,Simplifying Capacitor & Resistor Networks (part a),,https://apps.tlt.stonybrook.edu/vq/users/evannieuwenh/161/,7:42:00,15,0,5,4,,
/Electricity/Capacitors,Simplifying Capacitor & Resistor Networks (part b),,https://apps.tlt.stonybrook.edu/vq/users/evannieuwenh/162/,6:15:00,15,0,5,4,,
/Electricity/Capacitors,Simplifying Capacitor & Resistor Networks (part c),,https://apps.tlt.stonybrook.edu/vq/users/evannieuwenh/163/,5:49:00,15,0,5,4,,
/Electricity/Capacitors,Simplifying Capacitor & Resistor Networks (part d),,https://apps.tlt.stonybrook.edu/vq/users/evannieuwenh/164/,5:07:00,15,0,5,4,,208:26:00
/Electricity/Capacitors,Concept Comparisons,,https://apps.tlt.stonybrook.edu/vq/users/evannieuwenh/165/,9:06:00,16,4,6,5,,9:06:00
/Electricity/Capacitors,Intro to Kirchoff's Laws,,https://apps.tlt.stonybrook.edu/vq/users/evannieuwenh/166/,7:31:00,16,0,7,6,,
/Electricity/Capacitors,Kirchoff's Law Problem - Loop Rule,,https://apps.tlt.stonybrook.edu/vq/users/evannieuwenh/167/,10:12:00,16,1,7,6,,
/Electricity/Capacitors,Kirchoff's Law Problem - Junction Rule,,https://apps.tlt.stonybrook.edu/vq/users/evannieuwenh/168/,8:35:00,16,0,7,6,,
/Electricity/Capacitors,Kirchoff's Law Problem - Simultaneous Equations,,https://apps.tlt.stonybrook.edu/vq/users/evannieuwenh/169/,4:14:00,16,0,7,6,,
/Electricity/Capacitors,Kirchoff's Law Problem - Pop Goes the Weasel,,https://apps.tlt.stonybrook.edu/vq/users/evannieuwenh/170/,4:29:00,16,0,7,6,,
/Electricity/Capacitors,Kirchoff's Law Problem -  Cramer's Rule,,https://apps.tlt.stonybrook.edu/vq/users/evannieuwenh/171/,4:49:00,16,0,7,6,,
/Electricity/Capacitors,Another DC Circuit Problem,,https://apps.tlt.stonybrook.edu/vq/users/evannieuwenh/172/,6:05:00,17,0,7,6,,
/Electricity/Capacitors,DC Circuit Loop Rule,,https://apps.tlt.stonybrook.edu/vq/users/evannieuwenh/173/,7:28:00,17,1,7,6,,
/Electricity/Capacitors,Writing Down the Equations,,https://apps.tlt.stonybrook.edu/vq/users/evannieuwenh/174/,5:01:00,17,0,7,6,,
/Electricity/Capacitors,Using Cramer's Rule to Solve Unknowns,,https://apps.tlt.stonybrook.edu/vq/users/evannieuwenh/175/,13:19:00,17,0,7,6,,
/Electricity/Capacitors,Cramer's Rule for Circuit Example - Coefficient Determinant,,https://apps.tlt.stonybrook.edu/vq/users/evannieuwenh/176/,11:34:00,17,0,7,6,,
/Electricity/Capacitors,Cramer's Rule for Circuit Example - Constants Determinant,,https://apps.tlt.stonybrook.edu/vq/users/evannieuwenh/177/,6:02:00,17,0,7,6,,
/Magnetism/Magnetic Field,Magnetic Field Lines & Flux,,https://apps.tlt.stonybrook.edu/vq/users/evannieuwenh/178/,4:52:00,18,0,7,6,,
/Magnetism/Magnetic Field,Charged Particle in a Magnetic Field,,https://apps.tlt.stonybrook.edu/vq/users/evannieuwenh/179/,7:10:00,18,1,7,6,,
/Magnetism/Magnetic Field,Magnetic Force Equation,,https://apps.tlt.stonybrook.edu/vq/users/evannieuwenh/180/,5:44:00,18,0,7,6,,
/Magnetism/Magnetic Field,Math of the Right-Hand Rule,,https://apps.tlt.stonybrook.edu/vq/users/evannieuwenh/181/,5:55:00,18,0,7,6,,
/Magnetism/Magnetic Field,The Right-Hand Rule,,https://apps.tlt.stonybrook.edu/vq/users/evannieuwenh/182/,11:34:00,18,0,7,6,,
/Magnetism/Magnetic Field,Right-Hand Rule Applied,,https://apps.tlt.stonybrook.edu/vq/users/evannieuwenh/183/,9:18:00,18,1,7,6,,
/Magnetism/Magnetic Field,The Other Right-Hand Rule,,https://apps.tlt.stonybrook.edu/vq/users/evannieuwenh/184/,1:49:00,18,0,7,6,,
/Magnetism/Magnetic Field,Walking a Magnetic Field Loop,,https://apps.tlt.stonybrook.edu/vq/users/evannieuwenh/185/,3:05:00,18,0,7,6,,
/Magnetism/Magnetic Field,Brief Review - RHR & Magnetic Force,,https://apps.tlt.stonybrook.edu/vq/users/evannieuwenh/186/,6:30:00,19,0,7,6,,
/Magnetism/Magnetic Field,Magnetic Spectrometer,,https://apps.tlt.stonybrook.edu/vq/users/evannieuwenh/187/,7:05:00,19,1,7,6,,
/Magnetism/Magnetic Field,Magnetic Field from Moving Charges,,https://apps.tlt.stonybrook.edu/vq/users/evannieuwenh/188/,3:42:00,19,0,7,6,,
/Magnetism/Magnetic Field,Wire in a Magnetic Field,,https://apps.tlt.stonybrook.edu/vq/users/evannieuwenh/189/,9:30:00,19,0,7,6,,
/Magnetism/Magnetic Field,Torque and Magnetic Moment,,https://apps.tlt.stonybrook.edu/vq/users/evannieuwenh/190/,7:04:00,19,1,7,6,,
/Magnetism/Magnetic Field,Review - Consequences of Magnetic Field,,https://apps.tlt.stonybrook.edu/vq/users/evannieuwenh/191/,3:02:00,19,0,7,6,,
/Magnetism/Magnetic Field,Review - Sources of Magnetic Field,,https://apps.tlt.stonybrook.edu/vq/users/evannieuwenh/192/,1:57:00,19,1,7,6,,
/Magnetism/Magnetic Field,Ampere's Law,,https://apps.tlt.stonybrook.edu/vq/users/evannieuwenh/193/,9:52:00,19,0,7,6,,
/Magnetism/Magnetic Field,Magnetism Formula Review,,https://apps.tlt.stonybrook.edu/vq/users/evannieuwenh/194/,4:19:00,20,0,7,6,,
/Magnetism/Magnetic Field,Current & Magnetic Field Problem,,https://apps.tlt.stonybrook.edu/vq/users/evannieuwenh/195/,10:07:00,20,2,7,6,,
/Magnetism/Magnetic Field,Brief - Biot-Savart,,https://apps.tlt.stonybrook.edu/vq/users/evannieuwenh/196/,4:39:00,20,0,7,6,,
/Magnetism/Magnetic Field,Field Contribution Demonstration,,https://apps.tlt.stonybrook.edu/vq/users/evannieuwenh/197/,13:38:00,20,0,7,6,,
/Magnetism/Magnetic Field,Solving Biot-Savart,,https://apps.tlt.stonybrook.edu/vq/users/evannieuwenh/198/,7:28:00,20,0,7,6,,227:39:00
/Magnetism/Faraday's Law,Intro to Faraday's Law,,https://apps.tlt.stonybrook.edu/vq/users/evannieuwenh/199/,7:12:00,20,1,9,7,,
/Magnetism/Faraday's Law,Electromagnetic Induction,,https://apps.tlt.stonybrook.edu/vq/users/evannieuwenh/200/,7:54:00,21,0,9,7,,
/Magnetism/Faraday's Law,Faraday's Law for Loops,,https://apps.tlt.stonybrook.edu/vq/users/evannieuwenh/201/,7:35:00,21,1,9,7,,
/Magnetism/Faraday's Law,Flux Problem for a Coiled Wire,,https://apps.tlt.stonybrook.edu/vq/users/evannieuwenh/202/,8:52:00,21,0,9,7,,
/Magnetism/Faraday's Law,Sliding Bar - Faraday's Law Problem (part a),,https://apps.tlt.stonybrook.edu/vq/users/evannieuwenh/203/,10:19:00,21,0,9,7,,
/Magnetism/Faraday's Law,Sliding Bar - Faraday's Law Problem (part b),,https://apps.tlt.stonybrook.edu/vq/users/evannieuwenh/204/,3:52:00,21,0,9,7,,
/Magnetism/Faraday's Law,Sliding Bar - Faraday's Law Problem (part c),,https://apps.tlt.stonybrook.edu/vq/users/evannieuwenh/205/,10:16:00,21,0,9,7,,
/Magnetism/Faraday's Law,What We've Covered - Faraday's Law,,https://apps.tlt.stonybrook.edu/vq/users/evannieuwenh/206/,4:22:00,22,0,9,7,,
/Magnetism/Faraday's Law,Rotational Motion for Field & Area,,https://apps.tlt.stonybrook.edu/vq/users/evannieuwenh/207/,5:35:00,22,0,9,7,,
/Magnetism/Faraday's Law,Root-Mean-Square of the Voltage,,https://apps.tlt.stonybrook.edu/vq/users/evannieuwenh/208/,10:44:00,22,2,9,7,,
/Magnetism/Faraday's Law,Anecdote about V_rms - Summary,,https://apps.tlt.stonybrook.edu/vq/users/evannieuwenh/209/,3:36:00,22,0,9,7,,
/Magnetism/Faraday's Law,Intro to Transformers,,https://apps.tlt.stonybrook.edu/vq/users/evannieuwenh/210/,8:09:00,22,1,9,7,,
/Magnetism/Faraday's Law,Average Power,,https://apps.tlt.stonybrook.edu/vq/users/evannieuwenh/211/,7:31:00,22,0,9,7,,
/Magnetism/Faraday's Law,Intro to Lenz Law,,https://apps.tlt.stonybrook.edu/vq/users/evannieuwenh/212/,5:46:00,22,0,9,7,,101:43:00
/Midterm 2 ,Administrivia for Midterm 2,,https://apps.tlt.stonybrook.edu/vq/users/evannieuwenh/395/,2:27:00,23,0,8,,M2,
/Midterm 2/Review,Review - Biot-Savart (part a),,https://apps.tlt.stonybrook.edu/vq/users/evannieuwenh/213/,4:14:00,23,0,8,,M2,
/Midterm 2/Review,Review - Biot-Savart (part b),,https://apps.tlt.stonybrook.edu/vq/users/evannieuwenh/214/,8:13:00,23,6,8,,M2,
/Midterm 2/Review,Review - More Magnetic Field Lines,,https://apps.tlt.stonybrook.edu/vq/users/evannieuwenh/215/,8:58:00,23,0,8,,M2,
/Midterm 2/Review,"Review - Solving ""Cross S Hat""",,https://apps.tlt.stonybrook.edu/vq/users/evannieuwenh/216/,8:57:00,23,0,8,,M2,
/Midterm 2/Review,Review - An Easier Biot-Savart Problem,,https://apps.tlt.stonybrook.edu/vq/users/evannieuwenh/217/,5:51:00,23,1,8,,M2,36:13:00
/Magnetism/Faraday's Law,Intro to Inductance,,https://apps.tlt.stonybrook.edu/vq/users/evannieuwenh/218/,9:01:00,24,0,10,8,,
/Magnetism/Faraday's Law,Voltage of the Circuit Elements,,https://apps.tlt.stonybrook.edu/vq/users/evannieuwenh/219/,5:37:00,24,0,10,8,,
/Magnetism/Faraday's Law,An RC & RL Circuit,,https://apps.tlt.stonybrook.edu/vq/users/evannieuwenh/220/,4:34:00,24,1,10,8,,
/Magnetism/Faraday's Law,Differential & Integral Equations,,https://apps.tlt.stonybrook.edu/vq/users/evannieuwenh/221/,3:18:00,24,0,10,8,,
/Magnetism/Faraday's Law,Families of Curves,,https://apps.tlt.stonybrook.edu/vq/users/evannieuwenh/222/,9:21:00,24,0,10,8,,
/Magnetism/Faraday's Law,Transients,,https://apps.tlt.stonybrook.edu/vq/users/evannieuwenh/223/,6:16:00,24,0,10,8,,
/Magnetism/Faraday's Law,Plotting Relationships in RC Circuits,,https://apps.tlt.stonybrook.edu/vq/users/evannieuwenh/224/,8:05:00,24,0,10,8,,
/Magnetism/Faraday's Law,The Three Stooges Circuit,,https://apps.tlt.stonybrook.edu/vq/users/evannieuwenh/225/,4:26:00,24,0,10,8,,
/Magnetism/Faraday's Law,More on Transients,,https://apps.tlt.stonybrook.edu/vq/users/evannieuwenh/226/,7:15:00,25,0,10,8,,
/Magnetism/Faraday's Law,Plotting RL Transient Qualities,,https://apps.tlt.stonybrook.edu/vq/users/evannieuwenh/227/,5:00:00,25,0,10,8,,
/Magnetism/Faraday's Law,Interrupting Current to RL Circuits,,https://apps.tlt.stonybrook.edu/vq/users/evannieuwenh/228/,7:02:00,25,0,10,8,,
/Magnetism/Faraday's Law,Summarizing Math of Transients,,https://apps.tlt.stonybrook.edu/vq/users/evannieuwenh/229/,3:32:00,25,0,10,8,,
/Magnetism/Faraday's Law,Intro to AC Circuit Theory,,https://apps.tlt.stonybrook.edu/vq/users/evannieuwenh/230/,8:42:00,25,1,10,8,,
/Magnetism/Faraday's Law,Phasors,,https://apps.tlt.stonybrook.edu/vq/users/evannieuwenh/231/,11:31:00,25,0,10,8,,
/Magnetism/Faraday's Law,Summarizing AC Circuit Theory,,https://apps.tlt.stonybrook.edu/vq/users/evannieuwenh/232/,5:22:00,25,0,10,8,,
/Opening Videos,First Image of a Black Hole,,https://apps.tlt.stonybrook.edu/vq/users/evannieuwenh/233/,1:46:00,26,0,10,8,,
/Circuits/Circuit Theory,AC Circuit Theory - What We've Learned,,https://apps.tlt.stonybrook.edu/vq/users/evannieuwenh/234/,9:57:00,26,0,10,8,,
/Circuits/Circuit Theory,Examining Impedance,,https://apps.tlt.stonybrook.edu/vq/users/evannieuwenh/235/,3:33:00,26,0,10,8,,
/Circuits/Circuit Theory,DC Circuit Analysis,,https://apps.tlt.stonybrook.edu/vq/users/evannieuwenh/236/,5:50:00,26,1,10,8,,
/Circuits/Circuit Theory,Filter Circuit,,https://apps.tlt.stonybrook.edu/vq/users/evannieuwenh/237/,8:14:00,26,2,10,8,,
/Circuits/Circuit Theory,Car Stereo,,https://apps.tlt.stonybrook.edu/vq/users/evannieuwenh/238/,4:39:00,26,0,10,8,,
/Circuits/Circuit Theory,RL Circuit Analysis (part a),,https://apps.tlt.stonybrook.edu/vq/users/evannieuwenh/239/,4:10:00,26,0,10,8,,
/Circuits/Circuit Theory,RL Circuit Analysis (part b),,https://apps.tlt.stonybrook.edu/vq/users/evannieuwenh/240/,10:06:00,26,0,10,8,,
/Circuits/Circuit Theory,RLC Circuits,,https://apps.tlt.stonybrook.edu/vq/users/evannieuwenh/241/,2:03:00,26,0,10,8,,149:20:00
/Maxwell/Maxwell's Equations,Intro to Maxwell's Equations,,https://apps.tlt.stonybrook.edu/vq/users/evannieuwenh/242/,10:02:00,27,0,11,9,,
/Maxwell/Maxwell's Equations,Fixing Ampere's Law,,https://apps.tlt.stonybrook.edu/vq/users/evannieuwenh/243/,8:21:00,27,0,11,9,,
/Maxwell/Maxwell's Equations,Why Does Maxwell Get the Credit?,,https://apps.tlt.stonybrook.edu/vq/users/evannieuwenh/244/,9:00:00,27,1,11,9,,
/Maxwell/Maxwell's Equations,Electromagnetic Waves,,https://apps.tlt.stonybrook.edu/vq/users/evannieuwenh/245/,6:23:00,27,0,11,9,,
/Maxwell/Maxwell's Equations,Intensity of EM Waves,,https://apps.tlt.stonybrook.edu/vq/users/evannieuwenh/246/,5:59:00,27,1,11,9,,
/Maxwell/Maxwell's Equations,Radiation Pressure,,https://apps.tlt.stonybrook.edu/vq/users/evannieuwenh/247/,9:45:00,27,0,11,9,,
/Maxwell/Maxwell's Equations,What We've Learned - EM Waves,,https://apps.tlt.stonybrook.edu/vq/users/evannieuwenh/248/,6:47:00,28,1,11,9,,56:17:00
/Maxwell/Maxwell's Equations,Polarizations,,https://apps.tlt.stonybrook.edu/vq/users/evannieuwenh/249/,6:14:00,28,0,12,10,,
/Maxwell/Maxwell's Equations,Polaroids & Malus's Law,,https://apps.tlt.stonybrook.edu/vq/users/evannieuwenh/250/,8:46:00,28,1,12,10,,
/Maxwell/Maxwell's Equations,Constructive & Destructive Interference,,https://apps.tlt.stonybrook.edu/vq/users/evannieuwenh/251/,5:53:00,28,0,12,10,,
/Maxwell/Maxwell's Equations,Thin Film - Light Vectors,,https://apps.tlt.stonybrook.edu/vq/users/evannieuwenh/252/,5:10:00,28,0,12,10,,
/Maxwell/Maxwell's Equations,Thin Film - Index of Refraction,,https://apps.tlt.stonybrook.edu/vq/users/evannieuwenh/253/,5:14:00,28,0,12,10,,
/Maxwell/Maxwell's Equations,Thin Film - Marching Band,,https://apps.tlt.stonybrook.edu/vq/users/evannieuwenh/254/,8:18:00,28,1,12,10,,
/Maxwell/Maxwell's Equations,Thin Film - Snell's Law,,https://apps.tlt.stonybrook.edu/vq/users/evannieuwenh/255/,3:12:00,28,0,12,10,,
/Maxwell/Maxwell's Equations,Thin Film - What We've Learned,,https://apps.tlt.stonybrook.edu/vq/users/evannieuwenh/256/,4:44:00,29,0,12,10,,
/Maxwell/Maxwell's Equations,More on Index of Refraction,,https://apps.tlt.stonybrook.edu/vq/users/evannieuwenh/257/,9:08:00,29,2,12,10,,
/Maxwell/Maxwell's Equations,Fiber Optics,,https://apps.tlt.stonybrook.edu/vq/users/evannieuwenh/258/,7:00:00,29,0,12,10,,
/Maxwell/Maxwell's Equations,Mirage,,https://apps.tlt.stonybrook.edu/vq/users/evannieuwenh/259/,7:47:00,29,0,12,10,,
/Maxwell/Maxwell's Equations,Thin Film - More Snell's Law,,https://apps.tlt.stonybrook.edu/vq/users/evannieuwenh/260/,10:28:00,29,1,12,10,,
/Maxwell/Maxwell's Equations,Thin Film - Flipping,,https://apps.tlt.stonybrook.edu/vq/users/evannieuwenh/261/,4:53:00,29,0,12,10,,
/Maxwell/Maxwell's Equations,Thin Film - Soap Bubble,,https://apps.tlt.stonybrook.edu/vq/users/evannieuwenh/262/,5:42:00,29,0,12,10,,
/Optics/Interference,Interference - Flip & Slide,,https://apps.tlt.stonybrook.edu/vq/users/evannieuwenh/263/,9:18:00,30,0,12,10,,
/Optics/Interference,Labeling our Double Slit,,https://apps.tlt.stonybrook.edu/vq/users/evannieuwenh/264/,6:46:00,30,2,12,10,,
/Optics/Interference,Fraunhofer Approximation,,https://apps.tlt.stonybrook.edu/vq/users/evannieuwenh/265/,5:44:00,30,0,12,10,,
/Optics/Interference,d sin(theta),,https://apps.tlt.stonybrook.edu/vq/users/evannieuwenh/266/,10:03:00,30,0,12,10,,
/Optics/Interference,Single Slit Diffraction,,https://apps.tlt.stonybrook.edu/vq/users/evannieuwenh/267/,11:35:00,30,0,12,10,,
/Optics/Interference,a sin(theta),,https://apps.tlt.stonybrook.edu/vq/users/evannieuwenh/268/,8:06:00,30,0,12,10,,
/Optics/Interference,Comments on Interference - Sliding & Phase,,https://apps.tlt.stonybrook.edu/vq/users/evannieuwenh/269/,6:03:00,31,0,12,10,,
/Optics/Interference,Comments on Interference - Single Slit,,https://apps.tlt.stonybrook.edu/vq/users/evannieuwenh/270/,7:18:00,31,0,12,10,,
/Optics/Interference,Comments on Interference - Double Slit,,https://apps.tlt.stonybrook.edu/vq/users/evannieuwenh/271/,7:15:00,31,0,12,10,,164:37:00
/Optics/Geometrical Optics,Intro to Geometrical Optics,,https://apps.tlt.stonybrook.edu/vq/users/evannieuwenh/272/,5:05:00,31,1,13,11,,
/Optics/Geometrical Optics,Review on Reflection & Refraction,,https://apps.tlt.stonybrook.edu/vq/users/evannieuwenh/273/,9:48:00,31,2,13,11,,
/Optics/Geometrical Optics,Images & 3D Glasses,,https://apps.tlt.stonybrook.edu/vq/users/evannieuwenh/274/,6:49:00,31,0,13,11,,
/Optics/Geometrical Optics,Images - Mirrors & Lenses,,https://apps.tlt.stonybrook.edu/vq/users/evannieuwenh/275/,7:55:00,31,0,13,11,,
/Optics/Geometrical Optics,Mirror Tricks,,https://apps.tlt.stonybrook.edu/vq/users/evannieuwenh/276/,9:07:00,32,0,13,11,,
/Optics/Geometrical Optics,Lens Refraction,,https://apps.tlt.stonybrook.edu/vq/users/evannieuwenh/277/,7:19:00,32,0,13,11,,
/Optics/Geometrical Optics,Real & Virtual Images,,https://apps.tlt.stonybrook.edu/vq/users/evannieuwenh/278/,2:17:00,32,0,13,11,,
/Optics/Geometrical Optics,Reflecting Off a Plane Mirror,,https://apps.tlt.stonybrook.edu/vq/users/evannieuwenh/279/,11:53:00,33,0,13,11,,
/Optics/Geometrical Optics,Focal Point of a Curved Mirror,,https://apps.tlt.stonybrook.edu/vq/users/evannieuwenh/280/,8:13:00,33,1,13,11,,
/Optics/Geometrical Optics,Depth Perception,,https://apps.tlt.stonybrook.edu/vq/users/evannieuwenh/281/,9:51:00,33,0,13,11,,
/Optics/Geometrical Optics,Formulas - Focal Length & Magnification,,https://apps.tlt.stonybrook.edu/vq/users/evannieuwenh/282/,8:10:00,33,0,13,11,,
/Optics/Geometrical Optics,Geometrical Optics Table,,https://apps.tlt.stonybrook.edu/vq/users/evannieuwenh/283/,8:25:00,33,0,13,11,,
/Optics/Geometrical Optics,Accelerators,,https://apps.tlt.stonybrook.edu/vq/users/evannieuwenh/284/,5:12:00,33,0,13,11,,100:04:00
/Optics/Geometrical Optics,Review of Table of Signs,,https://apps.tlt.stonybrook.edu/vq/users/evannieuwenh/285/,7:07:00,34,0,14,12,,
/Optics/Geometrical Optics,Distance - Objects & Images,,https://apps.tlt.stonybrook.edu/vq/users/evannieuwenh/286/,9:41:00,34,4,14,12,,
/Optics/Geometrical Optics,Moving Our Lenses,,https://apps.tlt.stonybrook.edu/vq/users/evannieuwenh/287/,11:05:00,34,0,14,12,,
/Optics/Geometrical Optics,Outlining a Lens-Mirror Problem,,https://apps.tlt.stonybrook.edu/vq/users/evannieuwenh/288/,6:03:00,34,0,14,12,,
/Optics/Geometrical Optics,Solving the Lens-Mirror Problem (part a),,https://apps.tlt.stonybrook.edu/vq/users/evannieuwenh/289/,7:21:00,34,0,14,12,,
/Optics/Geometrical Optics,Solving the Lens-Mirror Problem (part b),,https://apps.tlt.stonybrook.edu/vq/users/evannieuwenh/290/,5:40:00,34,0,14,12,,
/Optics/Geometrical Optics,What's on the Homework,,https://apps.tlt.stonybrook.edu/vq/users/evannieuwenh/291/,2:37:00,35,0,14,12,,
/Optics/Geometrical Optics,Near-Sightedness,,https://apps.tlt.stonybrook.edu/vq/users/evannieuwenh/292/,9:32:00,35,1,14,12,,
/Optics/Geometrical Optics,Prescribing Lenses,,https://apps.tlt.stonybrook.edu/vq/users/evannieuwenh/293/,8:20:00,35,2,14,12,,
/Optics/Geometrical Optics,Near-Point,,https://apps.tlt.stonybrook.edu/vq/users/evannieuwenh/294/,4:24:00,35,0,14,12,,
/Optics/Geometrical Optics,Reading Glasses,,https://apps.tlt.stonybrook.edu/vq/users/evannieuwenh/295/,8:06:00,36,0,14,12,,
/Optics/Geometrical Optics,Calculating Far-Sightedness,,https://apps.tlt.stonybrook.edu/vq/users/evannieuwenh/296/,9:22:00,36,2,14,12,,
/Optics/Geometrical Optics,Catching a Football,,https://apps.tlt.stonybrook.edu/vq/users/evannieuwenh/297/,2:46:00,36,0,14,12,,
/Optics/Geometrical Optics,More About Glasses,,https://apps.tlt.stonybrook.edu/vq/users/evannieuwenh/298/,10:37:00,36,0,14,12,,
/Optics/Geometrical Optics,Lens Maker's Formula & Math,,https://apps.tlt.stonybrook.edu/vq/users/evannieuwenh/299/,8:45:00,36,0,14,12,,111:26:00
/Optics/Math,Euler's Relation,,https://apps.tlt.stonybrook.edu/vq/users/evannieuwenh/300/,8:01:00,36,0,15,,F,
/Optics/Math,Why Euler is Easy,,https://apps.tlt.stonybrook.edu/vq/users/evannieuwenh/301/,3:18:00,36,0,15,,F,
/Optics/Math,Defining a Double Slit Problem,,https://apps.tlt.stonybrook.edu/vq/users/evannieuwenh/302/,8:17:00,37,1,15,,F,
/Optics/Math,Defining a Single Slit Problem,,https://apps.tlt.stonybrook.edu/vq/users/evannieuwenh/303/,8:53:00,37,2,15,,F,
/Optics/Math,Integral for Single Slit,,https://apps.tlt.stonybrook.edu/vq/users/evannieuwenh/304/,7:35:00,37,0,15,,F,
/Optics/Math,Integrating with Euler's Relation,,https://apps.tlt.stonybrook.edu/vq/users/evannieuwenh/305/,8:07:00,37,0,15,,F,
/Optics/Math,Solving the Integral,,https://apps.tlt.stonybrook.edu/vq/users/evannieuwenh/306/,10:57:00,37,0,15,,F,
/Optics/Math,Sketching Intensity,,https://apps.tlt.stonybrook.edu/vq/users/evannieuwenh/307/,4:51:00,37,0,15,,F,
/Optics/Math,Double Slit Euler's Relation,,https://apps.tlt.stonybrook.edu/vq/users/evannieuwenh/308/,8:08:00,38,0,15,,F,
/Optics/Math,Defining the Denominator,,https://apps.tlt.stonybrook.edu/vq/users/evannieuwenh/309/,9:31:00,38,1,15,,F,
/Optics/Math,Determining the Bounds,,https://apps.tlt.stonybrook.edu/vq/users/evannieuwenh/310/,6:05:00,38,0,15,,F,
/Optics/Math,Solving the Integral,,https://apps.tlt.stonybrook.edu/vq/users/evannieuwenh/311/,8:03:00,38,0,15,,F,
/Optics/Math,Simplifying the Answer,,https://apps.tlt.stonybrook.edu/vq/users/evannieuwenh/312/,9:00:00,38,1,15,,F,
/Optics/Math,Sinc Function & Intensity Formula,,https://apps.tlt.stonybrook.edu/vq/users/evannieuwenh/313/,5:31:00,38,0,15,,F,
/Optics/Math,Sketching Double Slit Intensity,,https://apps.tlt.stonybrook.edu/vq/users/evannieuwenh/314/,2:34:00,38,0,15,,F,108:51:00